<?xml version="1.0" encoding="UTF-8" ?>
<configuration debug="true" scan="true" scanPeriod="30 seconds">
	<property name="LOGDIR" value="./logs/Customer" />
	
	<appender name="FILE" class="ch.qos.logback.core.FileAppender">
		<file>${LOGDIR}/Customer.log</file>
		<append>true</append>
		
		<layout class="ch.qos.logback.classic.PatternLayout">
			<Pattern>
				%-30(%d{HH:mm:ss.SSS} [%thread]) %-5level ---%X{RequestId}--- %msg%n
			</Pattern>
		</layout>
	</appender>
	
	<appender name="CONSOLE" class="ch.qos.logback.core.ConsoleAppender">
		<layout class="ch.qos.logback.classic.PatternLayout">
			<Pattern>
				%-30(%d{HH:mm:ss.SSS} [%thread]) %-5level ---%X{RequestId}--- %msg%n
			</Pattern>
		</layout>
	</appender>
	
	<root level="INFO">
		<appender-ref ref="FILE"/>
		<appender-ref ref="CONSOLE"/>
	</root>
	
</configuration>
